Rank,Top Stocks,Profit %,2014 Week: 30 rank,Profit %,2014 Week: 29 rank,Profit %,2014 Week: 28 rank,Profit %,2014 Week: 27 rank,Profit %,2014 Week: 26 rank,Profit %,2014 Week: 25 rank,Profit %,"August, 2014 rank",Profit %,"July, 2014 rank",Profit %,"June, 2014 rank",Profit %,"May, 2014 rank",Profit %,Year: 2014 rank,Profit %
1,MMFL,45.9729,271,-0.515692,688,-7.10744,745,-1.98347,106,-1.62208,272,5.58398,189,5.87903,2,44.5664,500,-6.93869,114,28.4286,207,26.0059,8,249.892
2,PARABDRUGS,31.9527,53,5.47945,112,4.25531,790,-7.59494,347,-7.73809,527,1.16958,18,20.5882,1,48.6667,719,-16.1111,256,17.0068,693,-2.0,297,50.6757
3,INDOTECH,30.3892,158,1.18825,518,-3.7037,735,-1.69279,202,-4.78498,288,5.40377,47,13.6956,4,29.037,418,-3.81723,17,59.9029,374,16.144,11,233.972
4,MIRCELECTR,28.2759,151,1.33333,95,5.14706,58,14.7541,477,-10.5634,766,-4.66667,170,6.33803,8,17.7215,178,5.29801,34,45.283,794,-21.4286,282,52.459
5,STOREONE,22.5949,722,-7.21817,527,-3.78549,9,30.4255,89,-1.20482,161,8.70083,127,8.16327,11,16.7227,22,33.0337,217,19.303,729,-4.74359,65,126.221
6,LLOYDELENG,21.6667,19,11.7391,113,4.22727,52,15.2471,587,-13.5098,559,0.684307,634,-1.65919,3,30.1459,104,10.9701,358,13.4021,76,41.5644,4,347.354
7,MAXWELL,21.34,372,-1.73268,493,-3.33334,263,7.32324,504,-11.2613,231,6.75,530,0.0,6,23.4849,437,-4.54545,511,7.87402,737,-5.25,270,53.7736
8,GUFICBIO,20.0,708,-6.81818,724,-8.05085,194,8.61245,566,-12.8788,3,50.0,789,-9.94152,10,17.1429,38,25.7485,664,1.97369,286,20.6612,96,105.0
9,KEMROCK,19.2905,793,-13.9746,441,-2.52101,779,-4.95207,789,-20.8485,696,-1.74346,788,-9.91471,20,13.5021,795,-34.7313,38,43.3929,780,-12.0,346,42.7056
10,SAHPETRO,16.7665,695,-6.51558,49,8.56269,350,5.59006,262,-6.03448,607,0.0,21,19.4539,29,10.1695,362,-1.94445,140,25.614,649,1.48148,86,111.957
11,ASAHISONG,16.7111,193,0.675676,204,1.35135,551,2.33333,619,-14.0435,767,-4.67213,726,-3.69478,13,16.1947,513,-7.25806,72,34.5604,579,5.96065,186,71.634
12,GATI,16.1864,107,2.67857,217,1.10717,550,2.37982,394,-8.875,208,7.2807,763,-5.91888,17,14.4885,421,-3.94309,748,-3.75909,71,42.7326,21,192.324
13,GARWALLROP,15.1017,219,0.244097,562,-4.24,18,22.2798,748,-18.1857,493,1.78571,319,3.14815,19,14.031,100,11.2658,154,24.2088,200,26.197,25,179.658
14,PCJEWELLER,14.0263,72,4.31772,184,1.79992,592,1.70285,754,-18.5327,45,17.9487,151,7.05357,15,15.9529,189,4.89996,536,7.03671,340,17.8723,180,73.3843
15,GLOBOFFS,13.9232,714,-6.87,19,14.0319,642,0.896224,36,2.78122,330,4.6438,55,13.0909,22,12.9677,35,26.7568,562,6.18124,477,11.9135,3,364.251
16,DLINKINDIA,13.8571,290,-0.713267,76,6.43064,35,17.7966,15,5.26786,566,0.624997,137,7.7451,16,15.4236,41,25.1786,40,42.9894,155,30.3819,35,162.171
17,CCL,13.4737,215,0.352609,625,-5.56309,213,8.16778,463,-10.3286,351,4.14327,50,13.5743,9,17.5145,328,-0.719424,400,12.0032,473,12.0404,138,89.7887
18,AARTIIND,12.6591,361,-1.56747,174,2.00935,188,8.71212,635,-14.4533,92,12.975,487,0.478467,12,16.3069,174,5.41667,152,24.3484,272,21.7293,46,150.354
19,JINDALPOLY,12.1247,310,-0.977007,66,7.23711,290,6.61504,694,-15.9066,149,9.1223,400,1.80498,24,11.6092,314,-0.469395,52,38.9737,261,22.1134,147,84.8937
20,ONELIFECAP,12.0177,518,-3.19901,546,-3.98691,394,4.81552,48,1.54039,798,-11.3123,84,10.5638,27,10.6875,650,-12.2652,454,9.96366,328,18.2792,748,-11.0721
21,SUNDRMFAST,11.9048,263,-0.461894,616,-5.38897,187,8.71844,285,-6.39535,366,3.86139,290,3.69407,18,14.1429,231,3.29724,302,15.2874,439,13.4794,49,147.624
22,AURIONPRO,11.2313,37,6.85352,96,5.02645,102,12.0707,498,-11.1434,210,7.25989,759,-5.71273,5,27.2844,30,28.8587,666,1.86318,702,-2.5,24,188.717
23,KSCL,11.1348,674,-5.93289,577,-4.51531,408,4.57732,431,-9.79247,137,9.7205,116,8.61446,41,9.16057,452,-5.09778,216,19.373,680,-0.906248,788,-57.5684
24,JBCHEPHARM,10.9573,632,-5.01975,47,8.87994,400,4.73105,178,-4.17957,226,6.85431,292,3.67347,50,7.77778,96,12.2938,548,6.6484,748,-6.52244,369,39.8331
25,KRBL,9.73111,156,1.24021,363,-1.47247,219,8.05322,245,-5.8132,510,1.47453,687,-2.8013,43,8.41239,188,4.93421,497,8.49056,336,18.0087,44,152.802
26,PVR,9.29598,732,-7.50058,442,-2.52985,431,4.2346,257,-5.92726,464,2.41564,645,-1.96731,42,8.41803,532,-7.83699,339,13.8723,363,16.4516,684,1.95005
27,CUMMINSIND,8.9299,656,-5.35813,507,-3.50903,446,3.96124,292,-6.51918,294,5.30517,594,-1.03715,66,6.19178,399,-3.3395,667,1.8319,359,16.6453,386,38.4607
28,TREEHOUSE,8.53005,677,-6.0,345,-1.18539,701,-0.443215,366,-8.24834,17,25.7593,617,-1.36728,45,8.2948,135,8.28815,789,-12.2636,619,3.63006,261,55.4127
29,AMARAJABAT,8.38602,421,-2.15229,137,3.42953,360,5.3921,280,-6.34888,242,6.3684,637,-1.69421,48,8.01653,215,3.91364,348,13.61,671,-0.232732,259,55.5952
30,DCMSHRIRAM,8.35967,25,8.5247,391,-1.95046,85,12.6148,625,-14.208,789,-8.06452,11,23.5695,46,8.26637,588,-9.68912,31,46.8702,107,36.455,42,154.865
31,LIBERTSHOE,8.30855,767,-9.37921,671,-6.77297,106,11.9371,370,-8.30444,7,34.3651,463,0.855494,76,5.7148,31,28.7215,86,32.0636,738,-5.2901,141,86.7628
32,KNRCON,8.23529,784,-11.7748,30,11.2889,614,1.26874,556,-12.7064,368,3.79913,545,-0.220459,86,5.14286,295,0.44681,7,66.9832,131,33.3827,27,175.101
33,FEDDERLOYD,8.17073,89,3.32906,465,-2.92288,308,6.41283,128,-2.7443,722,-2.37155,403,1.75795,25,11.4322,169,5.78948,292,15.5199,219,25.2427,41,155.988
34,TRIGYN,8.03921,667,-5.67765,738,-8.80913,554,2.28471,761,-19.1131,684,-1.41956,485,0.491802,273,0.181815,599,-10.066,775,-7.19756,435,13.5231,506,24.9433
35,ADANIENT,8.01568,442,-2.37957,686,-7.08456,200,8.53905,686,-15.68,74,14.0,702,-3.0897,71,5.92756,457,-5.20105,764,-6.17526,452,13.0548,183,72.4033
36,CRISIL,7.94444,676,-5.96134,473,-3.01546,541,2.53608,61,0.600003,257,5.8592,188,5.90616,26,11.1492,322,-0.619701,143,25.1187,551,7.47517,215,64.4729
37,CEATLTD,7.86472,766,-9.35567,791,-14.5933,266,7.28654,251,-5.86449,685,-1.51319,89,10.3283,124,3.72816,778,-24.1685,16,60.3072,525,9.1366,211,64.8765
38,TANLA,7.69231,54,5.42986,10,19.8864,789,-7.10661,798,-23.6162,53,16.6667,10,24.7059,370,-1.17647,202,4.29185,3,88.1356,573,6.60377,30,170.968
39,TVSMOTOR,7.68987,60,4.96552,796,-16.899,43,16.0163,562,-12.8295,276,5.55556,75,11.2069,14,16.0245,584,-9.6319,155,24.0458,122,34.5398,74,122.709
40,WHEELS,7.65292,248,-0.232095,303,-0.523423,508,3.04378,163,-3.8512,787,-7.42131,4,32.6341,72,5.83736,396,-3.08704,61,35.7483,410,14.8235,688,1.60652
41,CARBORUNIV,7.6133,528,-3.34198,427,-2.35955,498,3.21833,408,-9.30971,131,9.94656,519,0.059483,128,3.60676,313,-0.438596,603,4.66666,471,12.1429,524,23.1248
42,INOXLEISUR,7.57315,771,-10.1427,219,1.04529,121,11.0759,528,-12.0331,301,5.16234,502,0.258571,85,5.18344,491,-6.59787,331,14.0942,257,22.5594,407,35.8696
43,IIFL,7.56136,27,8.31967,116,4.01639,214,8.16681,161,-3.84,749,-3.53846,766,-6.16236,102,4.5,203,4.24604,308,15.1364,109,36.4322,144,86.0959
44,TNPL,7.51113,631,-5.00151,154,2.67081,461,3.71319,351,-7.84601,563,0.653395,668,-2.42845,100,4.58204,463,-5.354,280,15.9644,486,11.464,352,42.2316
45,AXIS-IT&T,7.49138,146,1.35542,777,-12.1778,3,37.5851,4,12.5,671,-1.19887,640,-1.76056,91,5.00723,9,49.5727,733,-2.19178,283,20.9091,82,116.369
46,PATINTLOG,7.42496,772,-10.2528,69,6.88622,81,12.8571,544,-12.4615,40,18.6898,671,-2.50482,78,5.59006,43,24.5714,273,16.2528,212,25.7143,94,106.061
47,CYIENT,7.3842,46,6.25675,185,1.79558,303,6.46803,348,-7.7451,664,-1.05634,320,3.13043,143,3.16754,145,7.48595,338,13.9194,577,6.33218,403,36.3668
48,SUZLON,7.35632,781,-11.5139,747,-9.44124,319,6.22318,628,-14.311,640,-0.53192,656,-2.26876,34,9.62442,768,-21.9424,237,18.125,15,66.6667,72,123.445
49,BHAGYNAGAR,7.35294,774,-10.2703,162,2.30547,697,-0.288191,227,-5.43478,354,4.04625,707,-3.33334,37,9.28143,548,-8.42391,328,14.2857,567,6.73401,329,44.8413
50,AEGISCHEM,7.28876,18,11.7944,250,0.42254,87,12.56,241,-5.61069,170,8.27801,267,4.23581,23,12.567,37,26.2608,94,30.4489,530,8.74269,139,89.4262
51,CAPF,7.28753,149,1.34615,667,-6.62385,524,2.77141,150,-3.51415,556,0.736169,438,1.18644,65,6.20091,68,15.8764,736,-2.24849,227,24.8688,188,71.2667
52,SUPREMEIND,7.28569,680,-6.14701,126,3.78682,305,6.43925,51,1.15207,397,3.40692,246,4.60159,114,3.99461,74,15.125,711,-0.466669,487,11.4229,342,43.1555
53,VIKASGLOB,7.17703,542,-3.48101,370,-1.58983,353,5.56553,187,-4.48029,759,-4.12186,360,2.49521,30,10.1639,216,3.91156,401,12.0,757,-7.96296,797,-78.3226
54,MUKANDLTD,7.09318,322,-1.13476,567,-4.32432,147,9.73054,683,-15.6134,526,1.1811,674,-2.55034,39,9.21986,440,-4.72973,174,22.629,414,14.5488,269,54.0
55,ORIENTCEM,6.81186,21,11.6977,630,-5.73529,90,12.4312,716,-16.5905,63,15.0773,474,0.703084,21,12.9902,142,7.70026,148,24.7242,22,60.1457,20,195.513
56,ASHAPURMIN,6.63683,715,-6.95114,718,-7.88462,103,12.0411,735,-17.5554,169,8.28981,619,-1.41025,58,6.71642,667,-13.121,698,0.126821,98,37.1279,552,20.1681
57,BROOKS,6.60592,8,16.5101,312,-0.668449,59,14.7287,700,-16.1064,79,13.7097,28,18.6538,73,5.76271,13,45.28,109,28.9641,503,10.2564,55,138.775
58,NAUKRI,6.60103,236,-0.0430399,237,0.672941,670,0.248177,18,4.27692,779,-5.76024,695,-2.90845,31,9.86131,249,2.41116,768,-6.6422,298,19.9257,229,62.1875
59,PIIND,6.55543,478,-2.74111,23,13.5656,450,3.92012,79,-0.456089,380,3.6503,684,-2.69151,147,3.04917,57,17.6479,330,14.1371,312,19.199,210,65.4968
60,UFLEX,6.52962,513,-3.16036,376,-1.67046,222,8.02521,386,-8.62534,269,5.65573,372,2.22129,57,6.91747,389,-2.80373,184,21.5094,291,20.2907,221,63.0475
61,SURYALAXMI,6.38298,723,-7.2549,693,-7.21649,15,22.6916,11,6.32911,713,-2.14286,49,13.6154,44,8.34236,18,38.2857,37,43.8384,443,13.4259,87,111.416
62,GSFC,6.10583,338,-1.26498,471,-3.00511,727,-1.20865,153,-3.56495,509,1.47966,217,5.10335,152,2.89473,422,-3.94737,547,6.64894,134,32.8584,332,44.5471
63,PATELENG,5.98121,738,-7.68519,721,-7.97414,583,1.766,414,-9.36508,701,-1.84242,411,1.63217,110,4.22946,746,-19.4961,92,30.8173,104,36.5906,130,93.3273
64,RALLIS,5.84893,414,-2.09302,309,-0.618985,428,4.27268,284,-6.38345,560,0.676895,197,5.80164,120,3.85688,429,-4.22908,197,20.5293,659,0.813449,507,24.8603
65,BAJAJCORP,5.75492,359,-1.54705,196,1.55702,723,-1.08366,330,-7.51634,450,2.69588,748,-4.90315,80,5.52401,355,-1.6453,644,2.82895,570,6.6776,623,10.3677
66,WONDERLA,5.72738,413,-2.07863,596,-4.96868,349,5.63348,475,-10.5198,38,18.9445,629,-1.57947,62,6.33641,266,1.58177,619,4.17378,186,27.4687,333,44.2188
67,ARVINDREM,5.70033,340,-1.2945,728,-8.28313,796,-10.6326,361,-8.11809,279,5.50458,725,-3.67089,53,7.09571,755,-20.288,717,-1.15533,782,-12.7002,779,-40.4587
68,RJL,5.59862,238,-0.0856217,635,-5.89642,381,5.07308,597,-13.7324,656,-0.86581,672,-2.51749,97,4.69684,708,-15.2857,240,17.7966,645,1.63793,670,3.63482
69,ASTEC,5.56451,56,5.29914,48,8.83721,432,4.22932,324,-7.32984,87,13.278,97,9.66587,32,9.63148,42,24.6521,445,10.4238,332,18.1582,174,74.5333
70,KIL,5.47368,788,-12.6734,410,-2.22618,673,0.179216,27,3.52381,2,50.5935,17,21.1111,111,4.158,17,38.4286,63,35.4902,571,6.66666,97,104.49
71,M&M,5.34276,508,-3.12294,181,1.90235,585,1.76246,269,-6.09324,230,6.81227,495,0.347977,125,3.71635,196,4.49131,774,-7.10932,358,16.6667,459,29.6783
72,CHENNPETRO,5.32544,272,-0.533488,629,-5.72859,415,4.50292,524,-11.8462,390,3.47594,83,10.5882,59,6.71463,662,-12.8866,570,5.7724,424,13.9623,497,25.884
73,JVLAGRO,5.23077,357,-1.51515,750,-9.56284,795,-9.66921,2,16.0606,544,0.898201,745,-4.73372,117,3.95137,378,-2.35294,343,13.7584,165,29.5964,298,50.6608
74,SAREGAMA,5.21173,473,-2.69434,21,13.8145,639,0.917431,194,-4.63964,155,8.87255,757,-5.42222,196,1.84685,181,5.11628,46,40.0257,388,15.7895,404,36.2048
75,JUSTDIAL,5.20468,33,7.35706,130,3.58235,575,1.93898,104,-1.60505,409,3.24324,244,4.63925,47,8.13572,85,13.9412,625,3.71434,320,18.7653,514,24.2446
76,MAYURUNIQ,5.10563,664,-5.58242,326,-0.912588,65,14.0439,109,-1.78957,610,-0.0127552,399,1.8078,115,3.97074,84,13.9587,488,8.84058,269,21.8423,446,30.8445
77,JKCEMENT,5.07102,102,2.78277,589,-4.78908,464,3.67417,197,-4.725,452,2.68657,729,-3.96725,38,9.23575,302,0.12837,375,12.9635,49,46.2736,81,116.731
78,SURANAVEL,5.0,82,3.6336,230,0.775194,73,13.4513,1,20.2447,29,21.2587,780,-7.72358,60,6.52174,1,83.4667,13,61.7647,176,28.3237,6,286.842
79,TATACHEM,4.9668,136,1.65446,232,0.768891,328,6.12086,371,-8.32623,196,7.67228,563,-0.562568,74,5.73008,305,0.0864855,382,12.7377,592,5.43686,444,31.3223
80,AVTNPL,4.96454,191,0.714284,762,-10.2732,139,10.0,733,-17.5052,139,9.55795,39,15.4179,63,6.2201,289,0.606061,138,25.972,537,8.45772,58,134.921
81,USHAMART,4.8951,20,11.7188,352,-1.25628,286,6.75676,604,-13.8462,135,9.82962,776,-7.1605,35,9.62241,113,10.0391,718,-1.29032,583,5.73771,304,49.0066
82,TITAN,4.89264,320,-1.12003,212,1.20353,641,0.902144,355,-7.94093,550,0.846979,232,4.82339,255,0.573533,400,-3.35789,311,14.9625,293,20.155,306,48.6739
83,MUNJALAU,4.70199,409,-2.06185,299,-0.444443,258,7.37878,379,-8.46154,488,1.87945,391,1.94805,82,5.4,381,-2.46368,232,18.5075,195,26.6797,133,92.8049
84,KPRMILL,4.6383,782,-11.5891,637,-5.91418,374,5.19608,148,-3.5,195,7.68001,644,-1.94,61,6.45021,427,-4.12308,18,56.9801,397,15.2963,260,55.4362
85,HEXAWARE,4.49317,525,-3.31704,649,-6.11111,599,1.56667,138,-3.24134,700,-1.83544,94,9.92286,146,3.08511,613,-10.5975,450,10.0104,743,-6.11111,628,10.1136
86,MANGLMCEM,4.46429,169,1.09303,210,1.24384,285,6.77161,343,-7.69231,435,2.86046,318,3.17191,69,6.11628,253,2.12164,201,20.1915,50,46.2,90,109.697
87,ACC,4.32247,561,-3.74037,334,-1.06493,503,3.17387,103,-1.60233,501,1.60714,498,0.319259,118,3.94585,453,-5.10537,484,9.01907,622,3.15164,458,29.6982
88,OFSS,4.31212,68,4.48418,223,0.902796,451,3.89541,177,-4.1731,369,3.77886,295,3.58584,77,5.59203,167,5.83521,423,11.3626,752,-6.811,665,4.38962
89,BALAJITELE,4.21909,693,-6.46048,89,5.43478,240,7.74142,607,-13.8621,193,7.68657,305,3.40032,157,2.77372,383,-2.60563,87,31.9925,470,12.1775,267,54.386
90,ADFFOODS,4.20475,499,-2.99296,709,-7.66129,765,-3.08943,531,-12.0741,125,10.1639,536,-0.0832627,127,3.63636,567,-8.93443,404,11.9555,405,14.9554,642,8.57143
91,ATLANTA,4.11765,591,-4.09968,716,-7.83582,94,12.352,580,-13.1868,111,11.1384,353,2.54237,184,2.05931,413,-3.70371,134,26.2,375,16.0976,287,51.8382
92,SONATSOFTW,4.02497,594,-4.12783,584,-4.6798,97,12.2053,195,-4.6735,665,-1.05787,135,7.83784,215,1.28378,561,-8.79905,79,32.7244,159,30.1242,155,81.0386
93,COMPUAGE,4.0207,555,-3.65313,225,0.850273,718,-0.96043,50,1.16732,200,7.54085,558,-0.41841,599,-4.7046,91,13.2754,403,11.9702,415,14.5213,88,110.726
94,BLUESTINFO,3.97059,176,0.952092,609,-5.2661,154,9.65431,547,-12.5203,62,15.2229,16,21.1628,67,6.15616,129,8.67313,684,0.723688,294,20.079,251,57.8125
95,DATAMATICS,3.92857,391,-1.85022,714,-7.78342,96,12.2723,623,-14.1674,614,-0.0833321,557,-0.417014,119,3.92857,549,-8.48142,203,20.1,637,2.36139,175,74.5128
96,MCX,3.92572,692,-6.44058,33,11.0533,54,15.0863,34,2.81924,133,9.87685,653,-2.17216,260,0.465839,24,31.0697,334,13.9981,661,0.674038,203,67.8427
97,FSL,3.87183,314,-1.06382,641,-6.04534,164,9.30555,352,-7.87801,717,-2.25282,569,-0.623441,182,2.09975,506,-7.11701,104,29.2913,698,-2.30769,173,74.8315
98,INFY,3.80477,239,-0.110611,148,2.98617,742,-1.91403,43,1.88821,551,0.805899,658,-2.32122,116,3.9597,220,3.77966,452,9.96622,755,-7.71115,705,-0.267758
99,WOCKPHARMA,3.76348,552,-3.63479,7,27.4188,536,2.64378,337,-7.56438,201,7.52829,496,0.3247,108,4.26756,66,16.5366,747,-3.73129,796,-23.5925,271,53.6454
100,TEXRAIL,3.74302,308,-0.954527,761,-10.1449,300,6.50538,801,-30.2652,108,11.342,751,-5.04098,81,5.51136,786,-26.8172,518,7.80969,8,71.7188,84,112.471
101,RAINBOWPAP,3.73281,773,-10.2579,402,-2.08333,734,-1.68604,233,-5.5,185,7.9394,501,0.302297,134,3.52941,555,-8.6747,632,3.42679,481,11.7275,656,5.6
102,SABTN,3.72295,123,1.92982,699,-7.43903,311,6.35514,59,0.709555,314,4.94012,575,-0.744787,207,1.52543,63,16.9643,772,-6.87733,167,29.4899,241,59.9466
103,BINDALAGRO,3.70968,709,-6.82853,715,-7.8125,172,9.0625,794,-21.4988,312,4.98688,593,-1.03226,250,0.62598,725,-16.8381,144,25.0404,456,12.7306,441,32.0329
104,OMKARCHEM,3.70915,297,-0.766974,277,-0.0729972,578,1.89098,152,-3.54504,378,3.66141,477,0.600962,99,4.59259,242,2.88425,725,-1.65385,629,2.89738,549,20.4264
105,PRISMCEM,3.61111,43,6.5967,218,1.07991,659,0.688705,131,-2.87921,712,-2.12201,154,6.92857,89,5.07042,489,-6.43274,139,25.6667,201,26.1702,32,168.829
106,TVTODAY,3.57143,128,1.89449,286,-0.185322,140,9.99164,433,-9.81343,492,1.79458,410,1.64063,7,18.1481,183,5.10753,791,-14.1967,342,17.7734,373,39.3013
107,BLUESTARCO,3.56644,428,-2.20414,490,-3.31628,346,5.72664,252,-5.86885,265,5.74254,492,0.399592,137,3.36766,365,-2.08688,555,6.45279,179,28.2381,145,85.8801
108,SUNTV,3.50618,270,-0.514707,735,-8.68743,564,2.09902,247,-5.81852,339,4.38509,245,4.62,216,1.25604,482,-6.09109,444,10.4573,498,10.4947,632,9.65211
109,BEML,3.46709,469,-2.6672,767,-10.8861,181,8.89184,576,-13.0824,734,-2.8875,347,2.6972,96,4.72786,762,-21.1875,193,20.6881,14,67.0761,28,174.065
110,VARDHACRLC,3.46666,250,-0.265258,492,-3.33333,760,-2.7569,643,-14.6341,295,5.29954,772,-6.60793,171,2.37466,648,-12.2402,269,16.4384,436,13.522,589,14.7929
111,HEG,3.27963,389,-1.82606,284,-0.170459,294,6.58634,611,-13.9175,352,4.1167,345,2.73871,221,1.14575,550,-8.49073,157,23.7609,626,3.06655,430,33.1932
112,JBFIND,3.17343,367,-1.62866,499,-3.39161,254,7.48273,75,-0.188395,331,4.58532,194,5.84525,113,4.01786,150,7.08036,446,10.389,140,32.3737,202,68.4337
113,SUVEN,3.09013,36,6.85373,451,-2.7027,274,7.06628,288,-6.43248,72,14.1667,661,-2.39796,101,4.57118,50,20.2988,337,13.9248,722,-3.98877,207,66.3435
114,MOTHERSUMI,3.08494,90,3.29622,713,-7.76661,292,6.60725,212,-4.98652,60,15.3281,443,1.09351,217,1.23115,97,12.0166,526,7.58129,351,17.149,111,98.4273
115,JPINFRATEC,3.06748,331,-1.21581,772,-11.4667,7,31.794,600,-13.7879,691,-1.64179,326,3.02547,98,4.6729,402,-3.38236,665,1.96672,143,32.3232,337,43.8972
116,NAVNETEDUL,3.01696,515,-3.17073,183,1.83599,354,5.52268,300,-6.72728,416,3.07017,722,-3.59537,272,0.183367,293,0.499378,606,4.48344,216,25.5195,389,38.1956
117,BEL,2.99839,461,-2.58611,453,-2.79459,441,4.11086,768,-19.3614,247,6.18018,284,3.88281,175,2.26857,734,-17.9967,78,32.7901,135,32.7937,178,73.7488
118,JINDALSTEL,2.939,672,-5.80043,570,-4.38893,333,6.05358,603,-13.8308,525,1.1838,490,0.43887,198,1.84026,701,-15.041,515,7.84018,380,15.9688,660,5.20913
119,BERGEPAINT,2.8701,335,-1.24958,214,1.14497,532,2.68798,149,-3.50848,410,3.2031,291,3.68613,95,4.76924,213,3.96605,250,17.4899,631,2.6971,409,35.5974
120,NIITTECH,2.84908,131,1.81199,545,-3.97772,800,-19.2937,32,3.01192,318,4.82798,426,1.40187,191,1.90413,710,-15.3371,395,12.2041,706,-2.56411,650,6.88547
121,ADHUNIK,2.82167,639,-5.10639,680,-6.89655,410,4.55508,327,-7.40384,569,0.575822,365,2.39044,180,2.13005,671,-13.4357,681,0.959693,265,21.9003,486,26.5278
122,TECHM,2.75352,454,-2.50469,160,2.38476,472,3.50244,172,-4.07357,641,-0.545245,199,5.75622,52,7.28676,306,0.0279115,420,11.4304,601,5.08197,565,18.626
123,TAJGVK,2.74612,185,0.765306,459,-2.86703,529,2.72634,130,-2.80281,91,12.9767,281,3.97591,340,-0.849998,193,4.71258,255,17.0524,252,22.7648,295,50.7985
124,BAJAJ-AUTO,2.74334,368,-1.63002,226,0.842456,755,-2.4696,340,-7.62121,604,0.0696315,187,5.92202,174,2.30735,604,-10.3264,225,18.9045,647,1.51175,621,10.7911
125,SRF,2.73038,126,1.9081,259,0.31386,283,6.78746,121,-2.36842,784,-6.94938,33,17.3386,122,3.7931,358,-1.82227,88,31.9903,413,14.7341,26,175.515
126,VOLTAS,2.72869,147,1.35494,757,-10.0,76,13.2317,621,-14.064,699,-1.82648,434,1.22543,94,4.79851,647,-12.2146,279,16.0149,330,18.1646,195,69.4385
127,NESTLEIND,2.6901,202,0.54591,120,3.89976,626,1.06451,74,-0.140028,546,0.891485,561,-0.469754,107,4.28447,211,4.00223,710,-0.432221,612,4.33228,693,1.38658
128,CONCOR,2.62678,511,-3.15084,338,-1.11295,516,2.96047,112,-1.9327,150,9.07803,620,-1.4419,275,0.150794,123,8.86361,538,6.84729,364,16.4115,170,75.5065
129,ZENSARTECH,2.58364,727,-7.34038,238,0.66797,569,2.02546,201,-4.77024,467,2.33751,147,7.1197,162,2.58364,406,-3.58123,233,18.4865,657,1.05104,563,19.0055
130,CYBERTECH,2.56411,76,3.90739,719,-7.89474,69,13.6564,493,-10.9091,88,13.2622,646,-1.98474,155,2.85714,224,3.58209,742,-3.23529,210,25.7874,255,56.5217
131,ROLTA,2.55803,279,-0.563122,526,-3.77868,398,4.75511,513,-11.431,270,5.61545,172,6.3163,150,2.94817,466,-5.61947,591,5.04437,70,43.1635,238,60.1331
132,GHCL,2.55144,52,5.72687,93,5.18518,227,7.93173,680,-15.5649,109,11.2782,639,-1.73834,170,2.38291,149,7.18182,163,23.496,303,19.6211,152,82.9662
133,EXCELINDUS,2.54011,636,-5.07653,118,3.92857,788,-6.93656,571,-12.9578,55,16.2063,15,21.4438,145,3.0914,265,1.59405,10,62.9545,60,44.5333,22,191.857
134,TCI,2.52626,472,-2.69069,382,-1.74082,443,4.06194,583,-13.2314,13,28.167,641,-1.8018,179,2.19396,136,8.25737,388,12.4658,204,26.0804,61,130.8
135,GODREJCP,2.50431,382,-1.78322,67,7.06359,677,0.125,85,-0.729389,692,-1.65349,484,0.512531,159,2.72987,199,4.40884,578,5.55023,720,-3.63501,704,-0.0405064
136,IBWSL,2.5,725,-7.27699,698,-7.39131,757,-2.6087,710,-16.4207,730,-2.65957,3,36.2745,301,-0.243305,788,-29.0493,97,30.047,522,9.39085,678,2.75689
137,ARCOTECH,2.41124,148,1.34645,150,2.8518,618,1.19873,30,3.17331,572,0.506946,128,8.12721,109,4.26205,134,8.29373,198,20.4528,650,1.4536,109,98.9368
138,PLETHICO,2.36813,641,-5.13089,745,-9.17969,331,6.08975,756,-18.6757,781,-5.81395,701,-3.07443,144,3.14534,737,-18.2456,44,41.0287,684,-1.18483,647,7.33634
139,GOLDBEES,2.33623,195,0.634146,390,-1.93697,724,-1.11619,47,1.55319,651,-0.793977,531,-0.044193,140,3.23392,357,-1.79091,617,4.27,776,-10.7893,717,-2.54141
140,APLLTD,2.33363,198,0.570654,369,-1.57224,168,9.1749,105,-1.62118,77,13.7665,677,-2.58123,349,-0.918366,29,29.0987,535,7.18599,791,-17.5585,236,61.0664
141,HAVELLS,2.32205,690,-6.39919,542,-3.93162,418,4.4568,65,0.222768,505,1.5326,164,6.53812,266,0.335595,270,1.36227,205,20.0225,613,4.10901,307,48.5472
142,HCL-INSYS,2.30979,726,-7.32323,61,7.60869,12,25.5993,723,-17.193,558,0.706215,44,14.4246,153,2.86886,353,-1.59363,467,9.62099,36,50.1654,7,255.189
143,HSIL,2.30291,486,-2.8073,595,-4.96094,237,7.82416,313,-7.05972,392,3.45888,791,-10.2711,131,3.59244,515,-7.30038,181,22.1934,62,44.4558,56,136.385
144,GRASIM,2.30082,437,-2.3535,362,-1.40695,457,3.78976,237,-5.55294,662,-1.01752,667,-2.42714,195,1.85353,492,-6.59955,520,7.79092,281,21.1166,555,19.8982
145,PRAJIND,2.24138,756,-8.66142,462,-2.89634,545,2.42757,505,-11.2892,719,-2.32876,207,5.3779,313,-0.503354,732,-17.4092,734,-2.22823,91,38.4181,447,30.7608
146,SHARONBIO,2.23684,30,7.74147,25,13.3009,505,3.14091,156,-3.68852,9,32.3177,723,-3.62473,130,3.6,4,56.2887,574,5.61674,679,-0.873357,798,-79.7998
147,AUROPHARMA,2.21515,120,2.09311,612,-5.35494,321,6.18876,462,-10.2857,445,2.74571,120,8.36988,178,2.20069,426,-4.0097,407,11.8433,383,15.8824,150,83.5197
148,WIPRO,2.20999,495,-2.92493,264,0.181802,715,-0.896741,60,0.701271,636,-0.400767,373,2.21869,240,0.744483,324,-0.638803,517,7.83501,699,-2.31571,719,-2.82802
149,HDIL,2.18103,86,3.41686,755,-9.90854,208,8.28238,584,-13.285,278,5.51583,136,7.7821,183,2.06971,553,-8.62069,441,10.5695,153,30.5036,177,74.0019
150,UNITECH,2.16536,651,-5.28302,516,-3.64299,183,8.78244,799,-24.0122,753,-3.80117,437,1.19048,121,3.8,781,-24.9263,212,19.6808,7,73.4375,199,69.0554
151,VINATIORGA,2.13687,497,-2.94445,135,3.48737,656,0.724856,115,-2.06647,535,1.02071,110,8.92157,90,5.05675,208,4.08956,194,20.6865,665,0.447682,128,93.4656
152,FCEL,2.1164,459,-2.5641,776,-12.0536,143,9.90099,6,10.1124,570,0.564963,265,4.29448,401,-1.53062,119,9.34065,443,10.4938,455,12.766,132,93.0
153,INFINITE,2.10526,262,-0.402139,740,-8.89231,123,10.9556,373,-8.35443,172,8.24496,248,4.58781,211,1.40477,207,4.11565,295,15.4864,721,-3.79985,571,17.6649
154,MANDHANA,2.06208,328,-1.18243,438,-2.5,666,0.356241,209,-4.9455,495,1.72163,401,1.79704,200,1.7161,385,-2.60995,633,3.4248,654,1.2931,679,2.71716
155,CLNINDIA,2.05846,493,-2.91614,733,-8.58434,170,9.13218,268,-6.0906,163,8.64535,371,2.26247,202,1.66016,467,-5.64385,156,23.8054,641,1.79549,443,31.33
156,LGBBROSLTD,2.03057,214,0.38549,319,-0.851789,754,-2.29671,631,-14.3551,801,-44.7056,25,18.9611,40,9.18224,800,-52.0285,30,46.8763,100,36.8862,191,69.9273
157,UBL,2.01828,282,-0.621944,461,-2.87868,584,1.76512,113,-1.98324,487,1.89959,393,1.90684,123,3.76967,284,0.952103,773,-6.91057,732,-5.05095,733,-6.10356
158,KANORICHEM,2.0,762,-9.05963,732,-8.49741,57,14.9165,545,-12.474,729,-2.54323,270,4.18502,264,0.368998,694,-14.6597,708,-0.105372,86,39.1045,293,51.1111
159,ZICOM,1.95652,174,0.970016,500,-3.41667,39,16.4851,549,-12.5417,299,5.17857,23,19.0155,156,2.85088,187,4.95454,89,31.725,214,25.6508,268,54.2763
160,SADBHAV,1.95448,436,-2.2972,679,-6.86937,37,17.2432,421,-9.55476,473,2.23618,422,1.48129,166,2.51244,229,3.3622,429,10.9791,141,32.3473,69,123.967
161,TEXMOPIPES,1.94805,638,-5.09554,700,-7.46269,440,4.11393,681,-15.5673,1,61.6379,375,2.20264,249,0.641022,58,17.603,19,56.8862,689,-1.7647,93,106.579
162,SJVN,1.9149,220,0.211861,152,2.78971,622,1.08696,271,-6.09756,512,1.44627,407,1.66667,393,-1.44032,351,-1.40845,685,0.607286,517,9.53438,610,12.178
163,STAR,1.89313,432,-2.22405,208,1.29003,467,3.58954,207,-4.85633,291,5.3645,179,6.14478,172,2.36197,163,6.05673,153,24.2521,723,-4.04608,146,85.3889
164,CESC,1.8626,190,0.716507,467,-2.94719,509,3.03602,704,-16.2306,65,14.7884,105,9.09853,126,3.6991,573,-9.15295,188,21.235,197,26.3567,343,42.8694
165,ZYDUSWELL,1.82371,460,-2.56664,115,4.17677,794,-9.16983,24,3.82353,256,5.90191,358,2.5,105,4.3704,301,0.263603,567,5.95775,617,3.74528,622,10.6321
166,MUTHOOTFIN,1.7971,224,0.0862034,678,-6.86535,195,8.58143,419,-9.52879,564,0.639316,591,-0.95795,160,2.7201,558,-8.71172,769,-6.64353,528,8.94898,227,62.5174
167,SHILPAMED,1.78369,58,5.16293,105,4.64446,549,2.38069,217,-5.10465,103,11.733,571,-0.652742,64,6.21783,62,17.0554,658,2.3647,754,-7.15065,129,93.4018
168,PIRPHYTO,1.77253,392,-1.85715,147,3.02115,669,0.302579,452,-10.0806,386,3.56653,538,-0.142855,139,3.29836,483,-6.11961,283,15.8863,736,-5.23649,372,39.4737
169,GRUH,1.75696,539,-3.46641,494,-3.34786,395,4.80885,29,3.2,697,-1.76179,532,-0.0496185,253,0.603136,222,3.67684,800,-43.5534,596,5.31437,762,-17.5889
170,KITEX,1.71363,113,2.34114,692,-7.21631,27,19.9359,249,-5.83793,298,5.21739,686,-2.75249,188,1.94657,76,15.0766,740,-2.73421,3,96.8195,15,221.807
171,ELGIEQUIP,1.6632,244,-0.165773,593,-4.88751,531,2.68949,94,-1.39387,286,5.40656,160,6.72727,209,1.45228,376,-2.29839,474,9.35673,387,15.8081,341,43.4018
172,BALAMINES,1.65944,748,-8.09523,201,1.43836,279,6.91729,450,-10.0734,25,21.9835,581,-0.818331,129,3.60294,121,9.17065,315,14.8113,327,18.3453,355,41.7505
173,GAL,1.63043,28,8.13953,39,10.0,113,11.4706,800,-24.0698,799,-12.1212,441,1.12245,204,1.63043,564,-8.88223,58,37.1901,795,-22.0408,185,71.875
174,NELCAST,1.61871,559,-3.69127,510,-3.5313,465,3.66667,641,-14.5588,695,-1.7341,790,-10.143,362,-1.05079,728,-16.9297,59,36.8,350,17.2018,382,38.8206
175,NAKODA,1.6,15,12.7273,794,-15.748,798,-13.3803,797,-22.6519,780,-5.78948,675,-2.5641,36,9.48275,794,-34.4086,754,-5.02513,742,-5.88235,783,-51.341
176,ONGC,1.59794,556,-3.65337,389,-1.93154,468,3.55701,311,-6.94151,541,0.933236,666,-2.4205,283,0.0126902,533,-7.84382,414,11.6264,389,15.6599,406,35.931
177,CADILAHC,1.58019,546,-3.5588,80,5.68012,777,-4.50311,55,0.923771,292,5.36019,266,4.24691,387,-1.32406,180,5.16819,288,15.703,725,-4.34292,416,34.4648
178,CASTROLIND,1.54079,188,0.740185,263,0.211347,399,4.74383,315,-7.12516,308,5.05806,389,1.97368,169,2.46951,241,2.94072,449,10.0678,685,-1.25839,611,12.0333
179,NOCIL,1.52174,306,-0.871463,186,1.79373,361,5.38642,746,-18.1467,500,1.62601,424,1.45833,138,3.31858,541,-8.13008,533,7.39131,215,25.6131,253,57.2391
180,APTECHT,1.51856,577,-3.92896,125,3.83333,377,5.15643,629,-14.3209,482,2.02224,317,3.21053,303,-0.276243,657,-12.5479,262,16.8585,333,18.0952,596,13.8801
181,JBMA,1.47771,92,3.24359,106,4.59984,71,13.64,508,-11.355,84,13.3333,482,0.523403,79,5.5814,49,21.0938,15,60.8523,208,25.9089,1,528.615
182,MUNJALSHOW,1.44979,150,1.34058,268,0.072536,205,8.36702,369,-8.29128,520,1.28572,298,3.53949,227,1.02112,288,0.744683,170,22.9473,246,23.1892,102,102.613
183,DABUR,1.43069,160,1.175,179,1.94076,680,0.0257748,54,1.04167,419,3.04172,626,-1.56084,244,0.710268,110,10.298,694,0.26738,608,4.69444,547,20.4805
184,APOLLOHOSP,1.41894,541,-3.47343,628,-5.6965,366,5.31008,122,-2.41003,188,7.83029,540,-0.163263,231,0.990051,260,1.82403,475,9.34615,642,1.76009,645,7.9447
185,EDL,1.36363,655,-5.32481,421,-2.31335,402,4.65632,399,-8.93204,338,4.41176,562,-0.490196,261,0.450444,717,-15.8685,185,21.4942,772,-9.71786,683,2.05949
186,GAEL,1.35417,624,-4.71976,82,5.60747,454,3.82096,744,-18.0357,14,27.5346,139,7.65371,279,0.102887,685,-14.1476,36,44.5225,460,12.6332,162,79.1897
187,WSTCSTPAPR,1.31004,705,-6.74438,365,-1.5,202,8.49732,494,-10.9873,683,-1.41288,652,-2.08013,158,2.74579,651,-12.2862,439,10.6713,412,14.7605,559,19.3416
188,ASHOKA,1.29819,702,-6.71533,763,-10.5195,137,10.1812,200,-4.7487,740,-3.22148,576,-0.753429,232,0.980392,702,-15.0931,470,9.51852,53,45.3513,89,110.033
189,MARUTI,1.25869,97,3.02789,307,-0.606039,590,1.71636,229,-5.44923,197,7.63967,350,2.62124,103,4.48606,243,2.86291,530,7.46036,299,19.8839,311,48.1695
190,FIEMIND,1.254,194,0.650492,134,3.51282,251,7.52728,95,-1.46018,332,4.54124,429,1.34639,176,2.26821,153,6.61062,141,25.5491,533,8.55667,161,79.5379
191,REPCOHOME,1.22941,227,0.0582819,673,-6.7793,448,3.92266,215,-5.07384,446,2.74106,208,5.34111,226,1.04191,498,-6.9181,383,12.6593,575,6.37745,509,24.6857
192,M&MFIN,1.19024,168,1.10878,670,-6.75781,411,4.5501,459,-10.2074,631,-0.329438,421,1.51739,92,4.9149,730,-17.0633,777,-7.67595,253,22.7356,770,-23.0013
193,FRL,1.17791,549,-3.5855,579,-4.58646,186,8.74588,510,-11.367,612,-0.0734147,275,4.11539,248,0.646467,531,-7.81422,448,10.1515,760,-8.19672,246,58.8648
194,BIL,1.15976,696,-6.52815,726,-8.06757,517,2.95328,92,-1.32527,754,-3.8128,201,5.64291,282,0.043009,497,-6.83238,90,31.3004,457,12.7223,134,92.7624
195,ARVIND,1.11062,152,1.32179,632,-5.84795,64,14.0842,721,-16.9388,281,5.45767,119,8.44579,252,0.618925,336,-1.02983,125,27.1071,670,-0.163936,208,65.5875
196,VIVIMEDLAB,1.06779,256,-0.34118,221,0.995877,375,5.19573,436,-9.87694,119,10.7032,355,2.52809,228,1.01643,252,2.28572,336,13.9503,682,-1.08527,243,59.5665
197,MAGMA,1.03896,613,-4.44445,485,-3.24803,153,9.66001,649,-14.7994,136,9.74619,141,7.39321,334,-0.765306,398,-3.32518,465,9.65817,335,18.0128,350,42.4908
198,COROMANDEL,0.987605,490,-2.87072,396,-2.03219,335,6.04255,381,-8.51923,711,-2.11106,638,-1.71168,259,0.522903,526,-7.73491,693,0.271586,371,16.2613,692,1.39241
199,SMARTLINK,0.923361,603,-4.33651,430,-2.36842,413,4.53704,388,-8.67004,494,1.74368,747,-4.74209,456,-2.41071,364,-2.04809,639,3.12779,395,15.4584,427,33.4554
200,AMTEKINDIA,0.869569,277,-0.552486,627,-5.64767,513,2.98826,326,-7.38867,252,5.96206,787,-9.5673,332,-0.74866,547,-8.4004,93,30.8101,717,-3.42599,328,44.8868
